Date,Day_of_Week,Weather,Temperature,Weekend,Festival,Festival_Name,Holiday,Previous_Day_Sales,Meals_Prepared,Meals_Sold,Food_Wasted,Revenue
01-01-2024,Monday,Rainy,21,No,Yes,New Year,Yes,180,233,212,21,47488
02-01-2024,Tuesday,Cloudy,29,No,No,None,No,212,238,207,31,55476
03-01-2024,Wednesday,Rainy,28,No,No,None,No,207,205,180,25,48600
04-01-2024,Thursday,Cloudy,28,No,No,None,No,180,194,175,19,39025
05-01-2024,Friday,Cloudy,29,No,No,None,No,175,189,171,18,47709
06-01-2024,Saturday,Rainy,27,Yes,No,None,Yes,171,193,183,10,33306
07-01-2024,Sunday,Rainy,26,Yes,No,None,Yes,183,236,209,27,56012
08-01-2024,Monday,Cloudy,26,No,No,None,No,209,215,194,21,50440
09-01-2024,Tuesday,Cloudy,24,No,No,None,No,194,208,183,25,47946
10-01-2024,Wednesday,Rainy,25,No,No,None,No,183,185,172,13,51084
11-01-2024,Thursday,Cloudy,26,No,No,None,No,172,185,177,8,46905
12-01-2024,Friday,Cloudy,31,No,No,None,No,177,187,179,8,49046
13-01-2024,Saturday,Sunny,37,Yes,No,None,Yes,179,229,211,18,55704
14-01-2024,Sunday,Sunny,38,Yes,No,None,Yes,211,238,221,17,43537
15-01-2024,Monday,Sunny,30,No,Yes,Makar Sankranti,Yes,221,275,253,22,68563
16-01-2024,Tuesday,Sunny,39,No,No,None,No,253,264,238,26,43316
17-01-2024,Wednesday,Sunny,35,No,No,None,No,238,250,222,28,64824
18-01-2024,Thursday,Cloudy,27,No,No,None,No,222,243,214,29,61204
19-01-2024,Friday,Sunny,31,No,No,None,No,214,223,196,27,42532
20-01-2024,Saturday,Cloudy,28,Yes,No,None,Yes,196,226,214,12,60990
21-01-2024,Sunday,Rainy,18,Yes,No,None,Yes,214,240,217,23,41447
22-01-2024,Monday,Sunny,35,No,No,None,No,217,231,207,24,48231
23-01-2024,Tuesday,Cloudy,27,No,No,None,No,207,224,197,27,48856
24-01-2024,Wednesday,Sunny,37,No,No,None,No,197,216,193,23,43039
25-01-2024,Thursday,Cloudy,27,No,No,None,No,193,221,194,27,50828
26-01-2024,Friday,Sunny,36,No,Yes,Republic Day,Yes,194,255,243,12,67797
27-01-2024,Saturday,Sunny,34,Yes,No,None,Yes,243,284,263,21,62594
28-01-2024,Sunday,Rainy,24,Yes,No,None,Yes,263,267,241,26,53984
29-01-2024,Monday,Rainy,19,No,No,None,No,241,232,208,24,45552
30-01-2024,Tuesday,Cloudy,26,No,No,None,No,208,226,200,26,60000
31-01-2024,Wednesday,Rainy,18,No,No,None,No,200,176,165,11,41745
01-02-2024,Thursday,Rainy,25,No,No,None,No,165,157,143,14,42900
02-02-2024,Friday,Rainy,28,No,No,None,No,143,152,136,16,40392
03-02-2024,Saturday,Rainy,26,Yes,No,None,Yes,136,187,172,15,41280
04-02-2024,Sunday,Cloudy,24,Yes,No,None,Yes,172,207,194,13,36666
05-02-2024,Monday,Rainy,22,No,No,None,No,194,200,176,24,32208
06-02-2024,Tuesday,Cloudy,32,No,No,None,No,176,183,170,13,45730
07-02-2024,Wednesday,Sunny,37,No,No,None,No,170,178,168,10,47040
08-02-2024,Thursday,Sunny,32,No,No,None,No,168,190,166,24,46978
09-02-2024,Friday,Rainy,24,No,No,None,No,166,158,151,7,32767
10-02-2024,Saturday,Sunny,31,Yes,No,None,Yes,151,199,186,13,34596
11-02-2024,Sunday,Sunny,39,Yes,No,None,Yes,186,230,200,30,50800
12-02-2024,Monday,Rainy,18,No,No,None,No,200,198,173,25,35811
13-02-2024,Tuesday,Rainy,24,No,No,None,No,173,193,171,22,38133
14-02-2024,Wednesday,Rainy,22,No,No,None,No,171,157,149,8,36058
15-02-2024,Thursday,Cloudy,27,No,No,None,No,149,189,166,23,42994
16-02-2024,Friday,Sunny,39,No,No,None,No,166,173,162,11,42768
17-02-2024,Saturday,Sunny,31,Yes,No,None,Yes,162,226,208,18,55744
18-02-2024,Sunday,Sunny,37,Yes,No,None,Yes,208,233,222,11,42402
19-02-2024,Monday,Sunny,33,No,No,None,No,222,231,203,28,39788
20-02-2024,Tuesday,Sunny,36,No,No,None,No,203,221,201,20,56682
21-02-2024,Wednesday,Sunny,35,No,No,None,No,201,222,195,27,46800
22-02-2024,Thursday,Cloudy,31,No,No,None,No,195,213,191,22,50615
23-02-2024,Friday,Rainy,19,No,No,None,No,191,192,169,23,47320
24-02-2024,Saturday,Rainy,23,Yes,No,None,Yes,169,221,201,20,50049
25-02-2024,Sunday,Rainy,21,Yes,No,None,Yes,201,233,210,23,48930
26-02-2024,Monday,Sunny,30,No,No,None,No,210,222,206,16,39552
27-02-2024,Tuesday,Rainy,25,No,No,None,No,206,197,176,21,42944
28-02-2024,Wednesday,Sunny,35,No,No,None,No,176,192,178,14,43966
29-02-2024,Thursday,Cloudy,32,No,No,None,No,178,207,185,22,38850
01-03-2024,Friday,Cloudy,31,No,No,None,No,185,215,189,26,34587
02-03-2024,Saturday,Sunny,36,Yes,No,None,Yes,189,250,228,22,65436
03-03-2024,Sunday,Cloudy,26,Yes,No,None,Yes,228,255,243,12,47142
04-03-2024,Monday,Sunny,39,No,No,None,No,243,238,227,11,58112
05-03-2024,Tuesday,Sunny,34,No,No,None,No,227,219,207,12,58167
06-03-2024,Wednesday,Rainy,22,No,No,None,No,207,211,189,22,40635
07-03-2024,Thursday,Sunny,39,No,No,None,No,189,212,193,19,49215
08-03-2024,Friday,Rainy,26,No,Yes,Maha Shivratri,Yes,193,262,234,28,59904
09-03-2024,Saturday,Rainy,25,Yes,No,None,Yes,234,252,225,27,40725
10-03-2024,Sunday,Sunny,35,Yes,No,None,Yes,225,266,240,26,55680
11-03-2024,Monday,Cloudy,32,No,No,None,No,240,245,219,26,45990
12-03-2024,Tuesday,Sunny,35,No,No,None,No,219,229,207,22,52371
13-03-2024,Wednesday,Rainy,21,No,No,None,No,207,202,182,20,41496
14-03-2024,Thursday,Rainy,18,No,No,None,No,182,202,176,26,43472
15-03-2024,Friday,Sunny,37,No,No,None,No,176,182,172,10,37152
16-03-2024,Saturday,Cloudy,25,Yes,No,None,Yes,172,211,194,17,37636
17-03-2024,Sunday,Sunny,30,Yes,No,None,Yes,194,239,218,21,63438
18-03-2024,Monday,Cloudy,25,No,No,None,No,218,240,213,27,42813
19-03-2024,Tuesday,Rainy,22,No,No,None,No,213,218,192,26,36096
20-03-2024,Wednesday,Sunny,32,No,No,None,No,192,214,195,19,39780
21-03-2024,Thursday,Rainy,25,No,No,None,No,195,182,174,8,36888
22-03-2024,Friday,Rainy,26,No,No,None,No,174,181,165,16,31350
23-03-2024,Saturday,Rainy,22,Yes,No,None,Yes,165,202,186,16,36456
24-03-2024,Sunday,Sunny,34,Yes,No,None,Yes,186,245,215,30,51600
25-03-2024,Monday,Rainy,20,No,Yes,Holi,Yes,215,277,264,13,75768
26-03-2024,Tuesday,Sunny,35,No,No,None,No,264,264,232,32,51272
27-03-2024,Wednesday,Sunny,35,No,No,None,No,232,239,212,27,55120
28-03-2024,Thursday,Sunny,39,No,No,None,No,212,223,198,25,51876
29-03-2024,Friday,Sunny,40,No,No,None,No,198,216,188,28,43992
30-03-2024,Saturday,Rainy,27,Yes,No,None,Yes,188,226,208,18,50544
31-03-2024,Sunday,Rainy,26,Yes,No,None,Yes,208,227,201,26,54270
01-04-2024,Monday,Cloudy,27,No,No,None,No,201,207,198,9,49698
02-04-2024,Tuesday,Rainy,23,No,No,None,No,198,177,160,17,37440
03-04-2024,Wednesday,Sunny,31,No,No,None,No,160,190,172,18,42656
04-04-2024,Thursday,Rainy,26,No,No,None,No,172,163,151,12,35636
05-04-2024,Friday,Sunny,35,No,No,None,No,151,181,159,22,45315
06-04-2024,Saturday,Sunny,40,Yes,No,None,Yes,159,222,199,23,37213
07-04-2024,Sunday,Rainy,19,Yes,No,None,Yes,199,228,216,12,53352
08-04-2024,Monday,Cloudy,26,No,No,None,No,216,227,213,14,58149
09-04-2024,Tuesday,Cloudy,26,No,Yes,Ugadi,Yes,213,272,252,20,67284
10-04-2024,Wednesday,Rainy,22,No,No,None,No,252,222,210,12,59640
11-04-2024,Thursday,Sunny,33,No,Yes,Eid-ul-Fitr,Yes,210,263,251,12,63754
12-04-2024,Friday,Cloudy,29,No,No,None,No,251,246,235,11,62275
13-04-2024,Saturday,Cloudy,31,Yes,No,None,Yes,235,279,264,15,51216
14-04-2024,Sunday,Rainy,25,Yes,No,None,Yes,264,267,248,19,54312
15-04-2024,Monday,Sunny,34,No,No,None,No,248,248,224,24,56672
16-04-2024,Tuesday,Rainy,26,No,No,None,No,224,210,183,27,54717
17-04-2024,Wednesday,Cloudy,25,No,Yes,Ram Navami,Yes,183,236,219,17,45114
18-04-2024,Thursday,Rainy,26,No,No,None,No,219,212,185,27,38295
19-04-2024,Friday,Sunny,32,No,No,None,No,185,205,180,25,38340
20-04-2024,Saturday,Sunny,33,Yes,No,None,Yes,180,235,214,21,61418
21-04-2024,Sunday,Rainy,19,Yes,Yes,Mahavir Jayanti,Yes,214,290,269,21,62408
22-04-2024,Monday,Sunny,30,No,No,None,No,269,250,236,14,60416
23-04-2024,Tuesday,Cloudy,28,No,No,None,No,236,235,216,19,47952
24-04-2024,Wednesday,Rainy,21,No,No,None,No,216,206,183,23,33672
25-04-2024,Thursday,Rainy,24,No,No,None,No,183,174,153,21,29682
26-04-2024,Friday,Sunny,31,No,No,None,No,153,170,155,15,29915
27-04-2024,Saturday,Rainy,22,Yes,No,None,Yes,155,195,170,25,49470
28-04-2024,Sunday,Rainy,19,Yes,No,None,Yes,170,216,193,23,42653
29-04-2024,Monday,Sunny,33,No,No,None,No,193,217,189,28,43092
30-04-2024,Tuesday,Rainy,26,No,No,None,No,189,200,174,26,47502
01-05-2024,Wednesday,Cloudy,26,No,No,None,No,174,190,178,12,39160
02-05-2024,Thursday,Rainy,23,No,No,None,No,178,163,156,7,31044
03-05-2024,Friday,Sunny,37,No,No,None,No,156,162,155,7,29915
04-05-2024,Saturday,Rainy,18,Yes,No,None,Yes,155,169,160,9,36160
05-05-2024,Sunday,Sunny,40,Yes,No,None,Yes,160,203,194,9,51798
06-05-2024,Monday,Rainy,25,No,No,None,No,194,205,179,26,43318
07-05-2024,Tuesday,Cloudy,25,No,No,None,No,179,191,181,10,32761
08-05-2024,Wednesday,Cloudy,28,No,No,None,No,181,197,172,25,50740
09-05-2024,Thursday,Sunny,33,No,No,None,No,172,198,174,24,50286
10-05-2024,Friday,Sunny,36,No,No,None,No,174,186,173,13,34946
11-05-2024,Saturday,Rainy,25,Yes,No,None,Yes,173,216,188,28,38916
12-05-2024,Sunday,Rainy,26,Yes,No,None,Yes,188,219,196,23,53508
13-05-2024,Monday,Cloudy,28,No,No,None,No,196,202,189,13,34587
14-05-2024,Tuesday,Cloudy,27,No,No,None,No,189,194,185,9,36260
15-05-2024,Wednesday,Rainy,25,No,No,None,No,185,177,166,11,40670
16-05-2024,Thursday,Cloudy,24,No,No,None,No,166,175,167,8,32565
17-05-2024,Friday,Sunny,31,No,No,None,No,167,174,166,8,49302
18-05-2024,Saturday,Cloudy,26,Yes,No,None,Yes,166,222,197,25,36051
19-05-2024,Sunday,Sunny,33,Yes,No,None,Yes,197,250,218,32,62784
20-05-2024,Monday,Cloudy,30,No,No,None,No,218,233,205,28,43255
21-05-2024,Tuesday,Cloudy,30,No,No,None,No,205,228,202,26,49086
22-05-2024,Wednesday,Cloudy,29,No,No,None,No,202,209,189,20,38745
23-05-2024,Thursday,Sunny,40,No,Yes,Buddha Purnima,Yes,189,265,233,32,42872
24-05-2024,Friday,Cloudy,28,No,No,None,No,233,233,222,11,49284
25-05-2024,Saturday,Rainy,21,Yes,No,None,Yes,222,243,221,22,50167
26-05-2024,Sunday,Rainy,21,Yes,No,None,Yes,221,267,235,32,66740
27-05-2024,Monday,Rainy,25,No,No,None,No,235,231,209,22,50160
28-05-2024,Tuesday,Rainy,19,No,No,None,No,209,204,188,16,49444
29-05-2024,Wednesday,Sunny,33,No,No,None,No,188,204,186,18,50592
30-05-2024,Thursday,Rainy,23,No,No,None,No,186,179,169,10,32786
31-05-2024,Friday,Cloudy,32,No,No,None,No,169,190,178,12,36668
01-06-2024,Saturday,Sunny,32,Yes,No,None,Yes,178,249,221,28,51935
02-06-2024,Sunday,Cloudy,25,Yes,No,None,Yes,221,246,235,11,60865
03-06-2024,Monday,Cloudy,31,No,No,None,No,235,248,226,22,41358
04-06-2024,Tuesday,Sunny,40,No,No,None,No,226,228,210,18,41580
05-06-2024,Wednesday,Sunny,30,No,No,None,No,210,212,200,12,57400
06-06-2024,Thursday,Sunny,30,No,No,None,No,200,203,188,15,34028
07-06-2024,Friday,Sunny,40,No,No,None,No,188,196,185,11,39220
08-06-2024,Saturday,Sunny,39,Yes,No,None,Yes,185,235,212,23,57664
09-06-2024,Sunday,Rainy,18,Yes,No,None,Yes,212,228,206,22,57062
10-06-2024,Monday,Rainy,25,No,No,None,No,206,203,190,13,48830
11-06-2024,Tuesday,Cloudy,28,No,No,None,No,190,200,184,16,55200
12-06-2024,Wednesday,Rainy,25,No,No,None,No,184,196,177,19,48675
13-06-2024,Thursday,Cloudy,32,No,No,None,No,177,210,185,25,46065
14-06-2024,Friday,Sunny,39,No,No,None,No,185,187,177,10,50268
15-06-2024,Saturday,Cloudy,26,Yes,No,None,Yes,177,245,217,28,42749
16-06-2024,Sunday,Rainy,24,Yes,No,None,Yes,217,222,212,10,44732
17-06-2024,Monday,Cloudy,29,No,Yes,Bakrid,Yes,212,308,275,33,78375
18-06-2024,Tuesday,Sunny,37,No,No,None,No,275,258,242,16,67518
19-06-2024,Wednesday,Rainy,26,No,No,None,No,242,231,201,30,41004
20-06-2024,Thursday,Rainy,23,No,No,None,No,201,183,175,8,51800
21-06-2024,Friday,Sunny,34,No,No,None,No,175,188,178,10,44500
22-06-2024,Saturday,Rainy,25,Yes,No,None,Yes,178,197,183,14,41541
23-06-2024,Sunday,Cloudy,24,Yes,No,None,Yes,183,236,223,13,56196
24-06-2024,Monday,Cloudy,25,No,No,None,No,223,242,211,31,46631
25-06-2024,Tuesday,Rainy,18,No,No,None,No,211,208,191,17,52907
26-06-2024,Wednesday,Rainy,28,No,No,None,No,191,200,174,26,47154
27-06-2024,Thursday,Sunny,36,No,No,None,No,174,204,178,26,39872
28-06-2024,Friday,Sunny,37,No,No,None,No,178,190,172,18,46612
29-06-2024,Saturday,Rainy,25,Yes,No,None,Yes,172,197,173,24,48440
30-06-2024,Sunday,Sunny,32,Yes,No,None,Yes,173,206,191,15,45267
01-07-2024,Monday,Sunny,35,No,No,None,No,191,202,184,18,53912
02-07-2024,Tuesday,Rainy,28,No,No,None,No,184,171,156,15,29172
03-07-2024,Wednesday,Sunny,34,No,No,None,No,156,184,169,15,45630
04-07-2024,Thursday,Sunny,31,No,No,None,No,169,192,172,20,38012
05-07-2024,Friday,Sunny,39,No,No,None,No,172,183,173,10,31659
06-07-2024,Saturday,Sunny,36,Yes,No,None,Yes,173,232,202,30,56964
07-07-2024,Sunday,Sunny,39,Yes,Yes,Rath Yatra,Yes,202,324,287,37,78351
08-07-2024,Monday,Rainy,19,No,No,None,No,287,252,238,14,49980
09-07-2024,Tuesday,Rainy,28,No,No,None,No,238,235,208,27,53872
10-07-2024,Wednesday,Rainy,18,No,No,None,No,208,212,191,21,36290
11-07-2024,Thursday,Cloudy,31,No,No,None,No,191,193,181,12,42354
12-07-2024,Friday,Rainy,21,No,No,None,No,181,194,171,23,43263
13-07-2024,Saturday,Cloudy,28,Yes,No,None,Yes,171,207,189,18,51786
14-07-2024,Sunday,Cloudy,27,Yes,No,None,Yes,189,246,220,26,57200
15-07-2024,Monday,Cloudy,28,No,No,None,No,220,224,204,20,49164
16-07-2024,Tuesday,Cloudy,26,No,No,None,No,204,213,189,24,53109
17-07-2024,Wednesday,Rainy,22,No,No,None,No,189,187,169,18,32955
18-07-2024,Thursday,Sunny,40,No,No,None,No,169,187,172,15,47472
19-07-2024,Friday,Sunny,33,No,No,None,No,172,178,168,10,32592
20-07-2024,Saturday,Rainy,27,Yes,No,None,Yes,168,187,167,20,35404
21-07-2024,Sunday,Sunny,35,Yes,No,None,Yes,167,231,209,22,55176
22-07-2024,Monday,Sunny,33,No,No,None,No,209,220,195,25,36270
23-07-2024,Tuesday,Sunny,35,No,No,None,No,195,209,182,27,47684
24-07-2024,Wednesday,Cloudy,32,No,No,None,No,182,202,184,18,35880
25-07-2024,Thursday,Cloudy,27,No,No,None,No,184,210,185,25,45880
26-07-2024,Friday,Cloudy,32,No,No,None,No,185,192,177,15,52569
27-07-2024,Saturday,Rainy,25,Yes,No,None,Yes,177,200,174,26,48198
28-07-2024,Sunday,Rainy,20,Yes,No,None,Yes,174,206,181,25,50137
29-07-2024,Monday,Cloudy,25,No,No,None,No,181,205,180,25,49140
30-07-2024,Tuesday,Rainy,21,No,No,None,No,180,184,166,18,36520
31-07-2024,Wednesday,Sunny,35,No,No,None,No,166,192,169,23,39039
01-08-2024,Thursday,Rainy,23,No,No,None,No,169,168,156,12,30732
02-08-2024,Friday,Cloudy,24,No,No,None,No,156,186,171,15,39843
03-08-2024,Saturday,Sunny,35,Yes,No,None,Yes,171,238,207,31,50715
04-08-2024,Sunday,Sunny,38,Yes,No,None,Yes,207,250,222,28,45954
05-08-2024,Monday,Sunny,37,No,No,None,No,222,225,213,12,53889
06-08-2024,Tuesday,Cloudy,24,No,No,None,No,213,229,201,28,39798
07-08-2024,Wednesday,Rainy,28,No,No,None,No,201,212,186,26,47058
08-08-2024,Thursday,Sunny,32,No,No,None,No,186,213,189,24,53865
09-08-2024,Friday,Sunny,37,No,No,None,No,189,205,192,13,52992
10-08-2024,Saturday,Sunny,38,Yes,No,None,Yes,192,227,213,14,50694
11-08-2024,Sunday,Cloudy,25,Yes,No,None,Yes,213,236,217,19,56203
12-08-2024,Monday,Cloudy,28,No,No,None,No,217,221,207,14,53199
13-08-2024,Tuesday,Cloudy,27,No,No,None,No,207,204,193,11,44969
14-08-2024,Wednesday,Cloudy,25,No,No,None,No,193,207,185,22,48840
15-08-2024,Thursday,Sunny,40,No,No,None,No,185,199,175,24,45500
16-08-2024,Friday,Rainy,20,No,No,None,No,175,189,169,20,43264
17-08-2024,Saturday,Rainy,20,Yes,No,None,Yes,169,195,170,25,38420
18-08-2024,Sunday,Sunny,39,Yes,No,None,Yes,170,228,204,24,50592
19-08-2024,Monday,Rainy,25,No,Yes,Raksha Bandhan,Yes,204,257,234,23,65520
20-08-2024,Tuesday,Cloudy,29,No,No,None,No,234,234,217,17,56420
21-08-2024,Wednesday,Sunny,40,No,No,None,No,217,226,200,26,47200
22-08-2024,Thursday,Cloudy,31,No,No,None,No,200,211,192,19,54336
23-08-2024,Friday,Rainy,19,No,No,None,No,192,184,176,8,37840
24-08-2024,Saturday,Sunny,36,Yes,No,None,Yes,176,243,212,31,54272
25-08-2024,Sunday,Sunny,40,Yes,No,None,Yes,212,262,232,30,44312
26-08-2024,Monday,Rainy,20,No,Yes,Janmashtami,Yes,232,283,270,13,67500
27-08-2024,Tuesday,Rainy,28,No,No,None,No,270,233,214,19,52858
28-08-2024,Wednesday,Rainy,22,No,No,None,No,214,197,183,14,41175
29-08-2024,Thursday,Cloudy,28,No,No,None,No,183,206,181,25,43078
30-08-2024,Friday,Sunny,37,No,No,None,No,181,210,185,25,33300
31-08-2024,Saturday,Rainy,25,Yes,No,None,Yes,185,212,191,21,40301
01-09-2024,Sunday,Sunny,37,Yes,No,None,Yes,191,239,222,17,60384
02-09-2024,Monday,Cloudy,29,No,No,None,No,222,224,214,10,40446
03-09-2024,Tuesday,Cloudy,28,No,No,None,No,214,228,210,18,51660
04-09-2024,Wednesday,Sunny,30,No,No,None,No,210,211,201,10,39798
05-09-2024,Thursday,Rainy,21,No,No,None,No,201,180,163,17,29666
06-09-2024,Friday,Sunny,34,No,No,None,No,163,194,172,22,34228
07-09-2024,Saturday,Sunny,37,Yes,Yes,Ganesh Chaturthi,Yes,172,273,238,35,53074
08-09-2024,Sunday,Cloudy,27,Yes,No,None,Yes,238,275,253,22,56925
09-09-2024,Monday,Rainy,25,No,No,None,No,253,242,213,29,43878
10-09-2024,Tuesday,Rainy,22,No,No,None,No,213,190,178,12,32218
11-09-2024,Wednesday,Cloudy,28,No,No,None,No,178,189,177,12,40533
12-09-2024,Thursday,Sunny,33,No,No,None,No,177,205,180,25,40320
13-09-2024,Friday,Rainy,18,No,No,None,No,180,161,148,13,36704
14-09-2024,Saturday,Sunny,32,Yes,No,None,Yes,148,216,193,23,47285
15-09-2024,Sunday,Sunny,36,Yes,No,None,Yes,193,258,229,29,64807
16-09-2024,Monday,Sunny,38,No,Yes,Eid-e-Milad,Yes,229,317,276,41,81972
17-09-2024,Tuesday,Cloudy,25,No,No,None,No,276,283,251,32,63001
18-09-2024,Wednesday,Sunny,37,No,No,None,No,251,254,229,25,44197
19-09-2024,Thursday,Rainy,23,No,No,None,No,229,199,183,16,51789
20-09-2024,Friday,Sunny,33,No,No,None,No,183,190,178,12,41296
21-09-2024,Saturday,Rainy,27,Yes,No,None,Yes,178,220,193,27,51724
22-09-2024,Sunday,Cloudy,30,Yes,No,None,Yes,193,232,213,19,42600
23-09-2024,Monday,Sunny,38,No,No,None,No,213,209,196,13,54684
24-09-2024,Tuesday,Sunny,34,No,No,None,No,196,223,198,25,49302
25-09-2024,Wednesday,Sunny,31,No,No,None,No,198,216,200,16,59200
26-09-2024,Thursday,Cloudy,31,No,No,None,No,200,223,194,29,57812
27-09-2024,Friday,Sunny,30,No,No,None,No,194,209,194,15,41710
28-09-2024,Saturday,Rainy,26,Yes,No,None,Yes,194,234,209,25,53922
29-09-2024,Sunday,Sunny,36,Yes,No,None,Yes,209,254,238,16,59738
30-09-2024,Monday,Sunny,38,No,No,None,No,238,246,216,30,52272
01-10-2024,Tuesday,Sunny,39,No,No,None,No,216,237,212,25,39008
02-10-2024,Wednesday,Cloudy,24,No,Yes,Gandhi Jayanti,Yes,212,277,243,34,51759
03-10-2024,Thursday,Sunny,32,No,No,None,No,243,233,220,13,53020
04-10-2024,Friday,Sunny,31,No,No,None,No,220,223,211,12,43466
05-10-2024,Saturday,Cloudy,30,Yes,No,None,Yes,211,252,236,16,69148
06-10-2024,Sunday,Rainy,20,Yes,No,None,Yes,236,255,222,33,49728
07-10-2024,Monday,Cloudy,30,No,No,None,No,222,225,207,18,38709
08-10-2024,Tuesday,Sunny,31,No,No,None,No,207,225,203,22,36946
09-10-2024,Wednesday,Cloudy,26,No,No,None,No,203,199,190,9,52250
10-10-2024,Thursday,Sunny,39,No,No,None,No,190,189,180,9,53280
11-10-2024,Friday,Cloudy,28,No,No,None,No,180,194,174,20,37236
12-10-2024,Saturday,Rainy,20,Yes,Yes,Dussehra,Yes,174,255,239,16,48278
13-10-2024,Sunday,Rainy,18,Yes,No,None,Yes,239,272,239,33,43498
14-10-2024,Monday,Rainy,26,No,No,None,No,239,230,217,13,44051
15-10-2024,Tuesday,Rainy,27,No,No,None,No,217,207,192,15,43776
16-10-2024,Wednesday,Rainy,21,No,No,None,No,192,180,164,16,48216
17-10-2024,Thursday,Cloudy,28,No,No,None,No,164,193,174,19,40716
18-10-2024,Friday,Cloudy,28,No,No,None,No,174,210,183,27,49959
19-10-2024,Saturday,Rainy,28,Yes,No,None,Yes,183,215,198,17,38610
20-10-2024,Sunday,Rainy,22,Yes,No,None,Yes,198,219,203,16,36540
21-10-2024,Monday,Rainy,26,No,No,None,No,203,187,174,13,40716
22-10-2024,Tuesday,Cloudy,31,No,No,None,No,174,208,183,25,43554
23-10-2024,Wednesday,Cloudy,31,No,No,None,No,183,200,181,19,36200
24-10-2024,Thursday,Rainy,22,No,No,None,No,181,183,164,19,33456
25-10-2024,Friday,Rainy,18,No,No,None,No,164,172,154,18,37884
26-10-2024,Saturday,Cloudy,32,Yes,No,None,Yes,154,209,198,11,58608
27-10-2024,Sunday,Sunny,31,Yes,No,None,Yes,198,240,221,19,45747
28-10-2024,Monday,Rainy,18,No,No,None,No,221,224,199,25,38208
29-10-2024,Tuesday,Cloudy,26,No,No,None,No,199,214,193,21,47478
30-10-2024,Wednesday,Cloudy,27,No,No,None,No,193,221,196,25,45472
31-10-2024,Thursday,Sunny,31,No,Yes,Diwali,Yes,196,252,240,12,59280
01-11-2024,Friday,Cloudy,24,No,No,None,No,240,250,230,20,65320
02-11-2024,Saturday,Cloudy,29,Yes,No,None,Yes,230,297,261,36,68121
03-11-2024,Sunday,Cloudy,24,Yes,No,None,Yes,261,288,267,21,48327
04-11-2024,Monday,Sunny,34,No,No,None,No,267,256,242,14,68728
05-11-2024,Tuesday,Cloudy,27,No,No,None,No,242,233,216,17,46008
06-11-2024,Wednesday,Sunny,40,No,No,None,No,216,214,204,10,44268
07-11-2024,Thursday,Cloudy,26,No,No,None,No,204,228,200,28,38000
08-11-2024,Friday,Cloudy,26,No,No,None,No,200,211,194,17,36860
09-11-2024,Saturday,Cloudy,25,Yes,No,None,Yes,194,215,205,10,44895
10-11-2024,Sunday,Rainy,19,Yes,No,None,Yes,205,203,194,9,46560
11-11-2024,Monday,Rainy,28,No,No,None,No,194,204,181,23,41630
12-11-2024,Tuesday,Rainy,27,No,No,None,No,181,169,157,12,28574
13-11-2024,Wednesday,Cloudy,27,No,No,None,No,157,178,157,21,33127
14-11-2024,Thursday,Cloudy,30,No,No,None,No,157,177,163,14,34230
15-11-2024,Friday,Cloudy,26,No,Yes,Guru Nanak Jayanti,Yes,163,241,228,13,51984
16-11-2024,Saturday,Cloudy,26,Yes,No,None,Yes,228,253,235,18,70030
17-11-2024,Sunday,Sunny,34,Yes,No,None,Yes,235,280,246,34,68142
18-11-2024,Monday,Cloudy,30,No,No,None,No,246,239,218,21,45998
19-11-2024,Tuesday,Cloudy,26,No,No,None,No,218,220,210,10,56070
20-11-2024,Wednesday,Rainy,24,No,No,None,No,210,191,177,14,45666
21-11-2024,Thursday,Sunny,30,No,No,None,No,177,187,175,12,52500
22-11-2024,Friday,Rainy,24,No,No,None,No,175,169,153,16,37944
23-11-2024,Saturday,Cloudy,27,Yes,No,None,Yes,153,206,191,15,50615
24-11-2024,Sunday,Rainy,27,Yes,No,None,Yes,191,225,198,27,58212
25-11-2024,Monday,Rainy,27,No,No,None,No,198,178,167,11,32732
26-11-2024,Tuesday,Sunny,31,No,No,None,No,167,190,178,12,48950
27-11-2024,Wednesday,Cloudy,24,No,No,None,No,178,181,171,10,37107
28-11-2024,Thursday,Rainy,26,No,No,None,No,171,180,163,17,48737
29-11-2024,Friday,Sunny,39,No,No,None,No,163,180,160,20,36000
30-11-2024,Saturday,Cloudy,28,Yes,No,None,Yes,160,225,205,20,45305
01-12-2024,Sunday,Cloudy,25,Yes,No,None,Yes,205,245,217,28,59241
02-12-2024,Monday,Sunny,31,No,No,None,No,217,217,201,16,54873
03-12-2024,Tuesday,Rainy,26,No,No,None,No,201,193,174,19,44370
04-12-2024,Wednesday,Sunny,38,No,No,None,No,174,179,168,11,42672
05-12-2024,Thursday,Sunny,34,No,No,None,No,168,184,174,10,45414
06-12-2024,Friday,Rainy,18,No,No,None,No,174,179,159,20,33867
07-12-2024,Saturday,Rainy,19,Yes,No,None,Yes,159,209,184,25,45448
08-12-2024,Sunday,Rainy,23,Yes,No,None,Yes,184,211,198,13,57816
09-12-2024,Monday,Rainy,25,No,No,None,No,198,184,174,10,51504
10-12-2024,Tuesday,Rainy,18,No,No,None,No,174,163,146,17,39566
11-12-2024,Wednesday,Cloudy,24,No,No,None,No,146,172,150,22,42450
12-12-2024,Thursday,Sunny,34,No,No,None,No,150,177,156,21,36504
13-12-2024,Friday,Cloudy,25,No,No,None,No,156,176,168,8,35112
14-12-2024,Saturday,Sunny,30,Yes,No,None,Yes,168,218,200,18,37800
15-12-2024,Sunday,Sunny,39,Yes,No,None,Yes,200,244,220,24,49940
16-12-2024,Monday,Cloudy,27,No,No,None,No,220,224,210,14,52080
17-12-2024,Tuesday,Rainy,21,No,No,None,No,210,206,191,15,50615
18-12-2024,Wednesday,Rainy,18,No,No,None,No,191,174,159,15,28938
19-12-2024,Thursday,Cloudy,30,No,No,None,No,159,180,164,16,44116
20-12-2024,Friday,Rainy,24,No,No,None,No,164,178,157,21,45530
21-12-2024,Saturday,Sunny,31,Yes,No,None,Yes,157,222,197,25,51417
22-12-2024,Sunday,Sunny,30,Yes,No,None,Yes,197,259,234,25,69030
23-12-2024,Monday,Cloudy,30,No,No,None,No,234,234,213,21,42174
24-12-2024,Tuesday,Cloudy,28,No,No,None,No,213,229,203,26,52577
25-12-2024,Wednesday,Sunny,32,No,Yes,Christmas,Yes,203,275,255,20,57885
26-12-2024,Thursday,Rainy,26,No,No,None,No,255,234,213,21,41109
27-12-2024,Friday,Sunny,30,No,No,None,No,213,226,208,18,53664
28-12-2024,Saturday,Sunny,33,Yes,No,None,Yes,208,270,235,35,66505
29-12-2024,Sunday,Cloudy,30,Yes,No,None,Yes,235,266,240,26,55200
30-12-2024,Monday,Rainy,22,No,No,None,No,240,228,206,22,47792
31-12-2024,Tuesday,Sunny,32,No,No,None,No,206,217,203,14,48314
01-01-2025,Wednesday,Rainy,27,No,Yes,New Year,Yes,203,267,241,26,61937
02-01-2025,Thursday,Sunny,40,No,No,None,No,241,254,223,31,48614
03-01-2025,Friday,Sunny,33,No,No,None,No,223,220,204,16,45492
04-01-2025,Saturday,Rainy,21,Yes,No,None,Yes,204,230,208,22,40976
05-01-2025,Sunday,Cloudy,30,Yes,No,None,Yes,208,256,244,12,69540
06-01-2025,Monday,Rainy,18,No,No,None,No,244,228,200,28,43400
07-01-2025,Tuesday,Rainy,18,No,No,None,No,200,185,177,8,49560
08-01-2025,Wednesday,Cloudy,30,No,No,None,No,177,190,180,10,43740
09-01-2025,Thursday,Sunny,35,No,No,None,No,180,192,178,14,51620
10-01-2025,Friday,Cloudy,31,No,No,None,No,178,198,184,14,41216
11-01-2025,Saturday,Cloudy,26,Yes,No,None,Yes,184,236,213,23,54315
12-01-2025,Sunday,Rainy,25,Yes,No,None,Yes,213,235,216,19,44496
13-01-2025,Monday,Rainy,24,No,No,None,No,216,206,197,9,38809
14-01-2025,Tuesday,Sunny,39,No,Yes,Makar Sankranti,Yes,197,252,236,16,52628
15-01-2025,Wednesday,Sunny,32,No,No,None,No,236,227,213,14,45369
16-01-2025,Thursday,Sunny,33,No,No,None,No,213,209,196,13,56644
17-01-2025,Friday,Cloudy,28,No,No,None,No,196,209,189,20,51030
18-01-2025,Saturday,Sunny,38,Yes,No,None,Yes,189,257,224,33,61600
19-01-2025,Sunday,Rainy,22,Yes,No,None,Yes,224,264,238,26,50932
20-01-2025,Monday,Sunny,37,No,No,None,No,238,239,228,11,64980
21-01-2025,Tuesday,Cloudy,31,No,No,None,No,228,224,214,10,53500
22-01-2025,Wednesday,Cloudy,29,No,No,None,No,214,205,196,9,49980
23-01-2025,Thursday,Sunny,39,No,No,None,No,196,204,189,15,53298
24-01-2025,Friday,Rainy,25,No,No,None,No,189,173,165,8,39270
25-01-2025,Saturday,Cloudy,29,Yes,No,None,Yes,165,212,202,10,44238
26-01-2025,Sunday,Sunny,38,Yes,Yes,Republic Day,Yes,202,280,260,20,60320
27-01-2025,Monday,Sunny,31,No,No,None,No,260,258,244,14,52704
28-01-2025,Tuesday,Sunny,39,No,No,None,No,244,245,217,28,57071
29-01-2025,Wednesday,Rainy,22,No,No,None,No,217,189,175,14,49000
30-01-2025,Thursday,Cloudy,28,No,No,None,No,175,180,169,11,33462
31-01-2025,Friday,Rainy,23,No,No,None,No,169,178,157,21,31086
01-02-2025,Saturday,Sunny,38,Yes,No,None,Yes,157,207,185,22,33300
02-02-2025,Sunday,Cloudy,24,Yes,No,None,Yes,185,237,214,23,61846
03-02-2025,Monday,Sunny,32,No,No,None,No,214,224,202,22,52318
04-02-2025,Tuesday,Rainy,28,No,No,None,No,202,193,173,20,48094
05-02-2025,Wednesday,Cloudy,29,No,No,None,No,173,192,183,9,35319
06-02-2025,Thursday,Cloudy,29,No,No,None,No,183,203,177,26,37170
07-02-2025,Friday,Sunny,37,No,No,None,No,177,186,173,13,44288
08-02-2025,Saturday,Sunny,32,Yes,No,None,Yes,173,216,202,14,54944
09-02-2025,Sunday,Sunny,31,Yes,No,None,Yes,202,272,237,35,68256
10-02-2025,Monday,Cloudy,27,No,No,None,No,237,234,223,11,61771
11-02-2025,Tuesday,Cloudy,32,No,No,None,No,223,223,211,12,43888
12-02-2025,Wednesday,Sunny,34,No,No,None,No,211,226,204,22,41004
13-02-2025,Thursday,Cloudy,26,No,No,None,No,204,210,191,19,55199
14-02-2025,Friday,Sunny,35,No,No,None,No,191,199,180,19,45900
15-02-2025,Saturday,Cloudy,26,Yes,No,None,Yes,180,232,206,26,53148
16-02-2025,Sunday,Cloudy,28,Yes,No,None,Yes,206,227,215,12,54610
17-02-2025,Monday,Rainy,27,No,No,None,No,215,207,180,27,52920
18-02-2025,Tuesday,Rainy,21,No,No,None,No,180,186,165,21,43065
19-02-2025,Wednesday,Cloudy,26,No,No,None,No,165,173,165,8,36795
20-02-2025,Thursday,Cloudy,28,No,No,None,No,165,190,173,17,47056
21-02-2025,Friday,Cloudy,27,No,No,None,No,173,195,179,16,41707
22-02-2025,Saturday,Rainy,27,Yes,No,None,Yes,179,199,178,21,35244
23-02-2025,Sunday,Sunny,31,Yes,No,None,Yes,178,240,221,19,49283
24-02-2025,Monday,Sunny,39,No,No,None,No,221,237,210,27,61950
25-02-2025,Tuesday,Sunny,39,No,No,None,No,210,221,205,16,47150
26-02-2025,Wednesday,Sunny,40,No,Yes,Maha Shivratri,Yes,205,282,246,36,63222
27-02-2025,Thursday,Sunny,39,No,No,None,No,246,256,223,33,50621
28-02-2025,Friday,Sunny,32,No,No,None,No,223,229,209,20,57893
01-03-2025,Saturday,Rainy,24,Yes,No,None,Yes,209,234,209,25,54967
02-03-2025,Sunday,Rainy,24,Yes,No,None,Yes,209,233,220,13,51920
03-03-2025,Monday,Rainy,26,No,No,None,No,220,210,199,11,43382
04-03-2025,Tuesday,Rainy,28,No,No,None,No,199,192,177,15,32391
05-03-2025,Wednesday,Sunny,32,No,No,None,No,177,182,174,8,40020
06-03-2025,Thursday,Cloudy,24,No,No,None,No,174,186,174,12,41586
07-03-2025,Friday,Cloudy,31,No,No,None,No,174,185,175,10,39025
08-03-2025,Saturday,Cloudy,29,Yes,No,None,Yes,175,237,208,29,52416
09-03-2025,Sunday,Cloudy,32,Yes,No,None,Yes,208,260,237,23,57828
10-03-2025,Monday,Cloudy,27,No,No,None,No,237,244,226,18,54240
11-03-2025,Tuesday,Cloudy,27,No,No,None,No,226,242,220,22,41140
12-03-2025,Wednesday,Rainy,24,No,No,None,No,220,208,195,13,52260
13-03-2025,Thursday,Sunny,33,No,No,None,No,195,221,193,28,44004
14-03-2025,Friday,Sunny,35,No,Yes,Holi,Yes,193,248,228,20,45600
15-03-2025,Saturday,Cloudy,27,Yes,No,None,Yes,228,271,245,26,67620
16-03-2025,Sunday,Rainy,19,Yes,No,None,Yes,245,258,235,23,68855
17-03-2025,Monday,Rainy,19,No,No,None,No,235,223,198,25,58608
18-03-2025,Tuesday,Cloudy,29,No,No,None,No,198,218,192,26,49728
19-03-2025,Wednesday,Rainy,21,No,No,None,No,192,180,169,11,46813
20-03-2025,Thursday,Sunny,38,No,No,None,No,169,181,168,13,39144
21-03-2025,Friday,Rainy,23,No,No,None,No,168,173,151,22,44998
22-03-2025,Saturday,Cloudy,30,Yes,No,None,Yes,151,227,205,22,50635
23-03-2025,Sunday,Sunny,40,Yes,No,None,Yes,205,270,244,26,69296
24-03-2025,Monday,Cloudy,24,No,No,None,No,244,245,223,22,64001
25-03-2025,Tuesday,Cloudy,30,No,No,None,No,223,250,218,32,40766
26-03-2025,Wednesday,Rainy,20,No,No,None,No,218,208,181,27,53938
27-03-2025,Thursday,Sunny,32,No,No,None,No,181,183,173,10,49478
28-03-2025,Friday,Cloudy,31,No,No,None,No,173,207,180,27,34380
29-03-2025,Saturday,Cloudy,29,Yes,No,None,Yes,180,248,216,32,58536
30-03-2025,Sunday,Cloudy,32,Yes,Yes,Ugadi,Yes,216,319,290,29,56550
31-03-2025,Monday,Sunny,37,No,Yes,Eid-ul-Fitr,Yes,290,338,311,27,79616
01-04-2025,Tuesday,Cloudy,30,No,No,None,No,311,305,266,39,59584
02-04-2025,Wednesday,Cloudy,27,No,No,None,No,266,261,242,19,60500
03-04-2025,Thursday,Rainy,27,No,No,None,No,242,235,205,30,51455
04-04-2025,Friday,Sunny,31,No,No,None,No,205,215,189,26,43659
05-04-2025,Saturday,Sunny,39,Yes,No,None,Yes,189,244,216,28,44280
06-04-2025,Sunday,Rainy,19,Yes,Yes,Ram Navami,Yes,216,282,269,13,72630
07-04-2025,Monday,Cloudy,31,No,No,None,No,269,278,242,36,65824
08-04-2025,Tuesday,Rainy,22,No,No,None,No,242,233,207,26,60858
09-04-2025,Wednesday,Rainy,23,No,No,None,No,207,206,183,23,52338
10-04-2025,Thursday,Cloudy,27,No,Yes,Mahavir Jayanti,Yes,183,253,237,16,56169
11-04-2025,Friday,Cloudy,29,No,No,None,No,237,253,220,33,65340
12-04-2025,Saturday,Rainy,21,Yes,No,None,Yes,220,232,221,11,51051
13-04-2025,Sunday,Cloudy,27,Yes,No,None,Yes,221,255,243,12,47142
14-04-2025,Monday,Rainy,27,No,No,None,No,243,205,196,9,43512
15-04-2025,Tuesday,Cloudy,24,No,No,None,No,196,203,183,20,36234
16-04-2025,Wednesday,Rainy,28,No,No,None,No,183,194,175,19,44450
17-04-2025,Thursday,Cloudy,31,No,No,None,No,175,181,171,10,42408
18-04-2025,Friday,Sunny,31,No,No,None,No,171,196,171,25,37791
19-04-2025,Saturday,Cloudy,32,Yes,No,None,Yes,171,212,190,22,53010
20-04-2025,Sunday,Sunny,37,Yes,No,None,Yes,190,259,232,27,68208
21-04-2025,Monday,Cloudy,31,No,No,None,No,232,245,219,26,63072
22-04-2025,Tuesday,Sunny,30,No,No,None,No,219,246,214,32,57352
23-04-2025,Wednesday,Sunny,30,No,No,None,No,214,235,207,28,61065
24-04-2025,Thursday,Cloudy,30,No,No,None,No,207,234,204,30,36924
25-04-2025,Friday,Cloudy,26,No,No,None,No,204,213,198,15,39798
26-04-2025,Saturday,Sunny,34,Yes,No,None,Yes,198,249,219,30,45552
27-04-2025,Sunday,Sunny,34,Yes,No,None,Yes,219,256,231,25,46893
28-04-2025,Monday,Rainy,25,No,No,None,No,231,216,195,21,45240
29-04-2025,Tuesday,Rainy,23,No,No,None,No,195,192,173,19,49478
30-04-2025,Wednesday,Rainy,18,No,No,None,No,173,166,157,9,41291
01-05-2025,Thursday,Rainy,28,No,No,None,No,157,166,146,20,30368
02-05-2025,Friday,Sunny,38,No,No,None,No,146,183,164,19,36408
03-05-2025,Saturday,Sunny,37,Yes,No,None,Yes,164,220,199,21,55720
04-05-2025,Sunday,Cloudy,25,Yes,No,None,Yes,199,238,221,17,54587
05-05-2025,Monday,Sunny,32,No,No,None,No,221,222,204,18,59976
06-05-2025,Tuesday,Cloudy,26,No,No,None,No,204,222,195,27,45240
07-05-2025,Wednesday,Sunny,36,No,No,None,No,195,196,185,11,53280
08-05-2025,Thursday,Cloudy,28,No,No,None,No,185,212,188,24,51136
09-05-2025,Friday,Sunny,34,No,No,None,No,188,201,177,24,42657
10-05-2025,Saturday,Cloudy,25,Yes,No,None,Yes,177,218,195,23,47385
11-05-2025,Sunday,Rainy,23,Yes,No,None,Yes,195,235,212,23,41976
12-05-2025,Monday,Rainy,18,No,Yes,Buddha Purnima,Yes,212,256,240,16,69360
13-05-2025,Tuesday,Sunny,30,No,No,None,No,240,238,221,17,57681
14-05-2025,Wednesday,Cloudy,32,No,No,None,No,221,220,200,20,40200
15-05-2025,Thursday,Cloudy,29,No,No,None,No,200,221,201,20,52260
16-05-2025,Friday,Cloudy,31,No,No,None,No,201,203,192,11,42048
17-05-2025,Saturday,Cloudy,27,Yes,No,None,Yes,192,230,215,15,63210
18-05-2025,Sunday,Sunny,39,Yes,No,None,Yes,215,239,220,19,50600
19-05-2025,Monday,Cloudy,31,No,No,None,No,220,222,212,10,49820
20-05-2025,Tuesday,Rainy,20,No,No,None,No,212,224,197,27,36445
21-05-2025,Wednesday,Cloudy,25,No,No,None,No,197,219,196,23,55664
22-05-2025,Thursday,Sunny,35,No,No,None,No,196,202,184,18,42136
23-05-2025,Friday,Rainy,23,No,No,None,No,184,177,161,16,31556
24-05-2025,Saturday,Sunny,40,Yes,No,None,Yes,161,230,202,28,44238
25-05-2025,Sunday,Sunny,31,Yes,No,None,Yes,202,250,236,14,63956
26-05-2025,Monday,Rainy,23,No,No,None,No,236,232,206,26,43672
27-05-2025,Tuesday,Rainy,18,No,No,None,No,206,203,180,23,50760
28-05-2025,Wednesday,Rainy,22,No,No,None,No,180,185,161,24,43309
29-05-2025,Thursday,Rainy,21,No,No,None,No,161,157,146,11,32412
30-05-2025,Friday,Cloudy,25,No,No,None,No,146,172,161,11,33649
31-05-2025,Saturday,Sunny,34,Yes,No,None,Yes,161,210,191,19,50806
01-06-2025,Sunday,Cloudy,32,Yes,No,None,Yes,191,245,229,16,65494
02-06-2025,Monday,Cloudy,25,No,No,None,No,229,246,220,26,65780
03-06-2025,Tuesday,Sunny,32,No,No,None,No,220,226,204,22,47940
04-06-2025,Wednesday,Sunny,36,No,No,None,No,204,217,189,28,55944
05-06-2025,Thursday,Rainy,21,No,No,None,No,189,178,164,14,32636
06-06-2025,Friday,Sunny,36,No,No,None,No,164,197,173,24,42731
07-06-2025,Saturday,Sunny,39,Yes,Yes,Bakrid,Yes,173,264,238,26,61880
08-06-2025,Sunday,Rainy,28,Yes,No,None,Yes,238,257,224,33,45472
09-06-2025,Monday,Cloudy,31,No,No,None,No,224,226,210,16,54390
10-06-2025,Tuesday,Cloudy,31,No,No,None,No,210,227,207,20,45954
11-06-2025,Wednesday,Rainy,20,No,No,None,No,207,201,177,24,38586
12-06-2025,Thursday,Sunny,30,No,No,None,No,177,195,170,25,38250
13-06-2025,Friday,Cloudy,28,No,No,None,No,170,187,167,20,34402
14-06-2025,Saturday,Rainy,18,Yes,No,None,Yes,167,187,172,15,37668
15-06-2025,Sunday,Rainy,24,Yes,No,None,Yes,172,204,184,20,43424
16-06-2025,Monday,Rainy,24,No,No,None,No,184,170,158,12,40290
17-06-2025,Tuesday,Rainy,24,No,No,None,No,158,157,137,20,33839
18-06-2025,Wednesday,Cloudy,32,No,No,None,No,137,160,153,7,34578
19-06-2025,Thursday,Sunny,39,No,No,None,No,153,170,159,11,29733
20-06-2025,Friday,Sunny,31,No,No,None,No,159,194,172,22,51428
21-06-2025,Saturday,Sunny,31,Yes,No,None,Yes,172,215,205,10,59860
22-06-2025,Sunday,Rainy,18,Yes,No,None,Yes,205,234,221,13,49725
23-06-2025,Monday,Cloudy,24,No,No,None,No,221,244,216,28,42552
24-06-2025,Tuesday,Sunny,37,No,No,None,No,216,231,201,30,41004
25-06-2025,Wednesday,Rainy,22,No,No,None,No,201,199,190,9,34200
26-06-2025,Thursday,Sunny,40,No,No,None,No,190,199,185,14,43105
27-06-2025,Friday,Cloudy,26,No,No,None,No,185,206,189,17,41958
28-06-2025,Saturday,Rainy,20,Yes,No,None,Yes,189,213,191,22,38391
29-06-2025,Sunday,Cloudy,30,Yes,No,None,Yes,191,243,230,13,65320
30-06-2025,Monday,Cloudy,26,No,No,None,No,230,238,211,27,37980
01-07-2025,Tuesday,Rainy,21,No,No,None,No,211,189,180,9,41760
02-07-2025,Wednesday,Rainy,26,No,No,None,No,180,173,152,21,29792
03-07-2025,Thursday,Cloudy,30,No,No,None,No,152,183,168,15,45360
04-07-2025,Friday,Sunny,40,No,No,None,No,168,190,178,12,50908
05-07-2025,Saturday,Cloudy,25,Yes,No,None,Yes,178,224,206,18,52118
06-07-2025,Sunday,Sunny,30,Yes,No,None,Yes,206,253,222,31,41736
07-07-2025,Monday,Rainy,25,No,No,None,No,222,223,196,27,41552
08-07-2025,Tuesday,Rainy,27,No,No,None,No,196,201,177,24,39471
09-07-2025,Wednesday,Cloudy,27,No,No,None,No,177,207,185,22,37555
10-07-2025,Thursday,Sunny,33,No,No,None,No,185,189,175,14,38500
11-07-2025,Friday,Sunny,40,No,No,None,No,175,187,172,15,51084
12-07-2025,Saturday,Cloudy,27,Yes,No,None,Yes,172,217,196,21,39004
13-07-2025,Sunday,Rainy,19,Yes,No,None,Yes,196,210,199,11,44377
14-07-2025,Monday,Cloudy,27,No,No,None,No,199,205,190,15,48260
15-07-2025,Tuesday,Rainy,28,No,No,None,No,190,178,168,10,36456
16-07-2025,Wednesday,Cloudy,31,No,No,None,No,168,179,163,16,36838
17-07-2025,Thursday,Rainy,18,No,No,None,No,163,179,156,23,30888
18-07-2025,Friday,Rainy,21,No,No,None,No,156,162,146,16,31682
19-07-2025,Saturday,Sunny,36,Yes,No,None,Yes,146,191,177,14,49737
20-07-2025,Sunday,Rainy,19,Yes,No,None,Yes,177,197,188,9,37976
21-07-2025,Monday,Sunny,40,No,No,None,No,188,200,191,9,52143
22-07-2025,Tuesday,Rainy,26,No,No,None,No,191,184,169,15,48165
23-07-2025,Wednesday,Rainy,28,No,No,None,No,169,168,153,15,27999
24-07-2025,Thursday,Cloudy,30,No,No,None,No,153,172,155,17,36425
25-07-2025,Friday,Sunny,38,No,No,None,No,155,170,161,9,39928
26-07-2025,Saturday,Cloudy,28,Yes,No,None,Yes,161,203,194,9,52186
27-07-2025,Sunday,Sunny,38,Yes,Yes,Rath Yatra,Yes,194,321,295,26,76995
28-07-2025,Monday,Cloudy,25,No,No,None,No,295,285,267,18,77697
29-07-2025,Tuesday,Cloudy,29,No,No,None,No,267,253,241,12,61696
30-07-2025,Wednesday,Sunny,33,No,No,None,No,241,238,227,11,49032
31-07-2025,Thursday,Cloudy,27,No,No,None,No,227,232,219,13,60225
01-08-2025,Friday,Rainy,21,No,No,None,No,219,218,192,26,52224
02-08-2025,Saturday,Rainy,21,Yes,No,None,Yes,192,202,181,21,38734
03-08-2025,Sunday,Rainy,24,Yes,No,None,Yes,181,202,191,11,39346
04-08-2025,Monday,Cloudy,27,No,No,None,No,191,212,193,19,46127
05-08-2025,Tuesday,Sunny,39,No,No,None,No,193,208,181,27,49956
06-08-2025,Wednesday,Sunny,34,No,No,None,No,181,200,176,24,39600
07-08-2025,Thursday,Cloudy,27,No,No,None,No,176,209,184,25,36064
08-08-2025,Friday,Sunny,36,No,No,None,No,184,198,177,21,45489
09-08-2025,Saturday,Rainy,19,Yes,Yes,Raksha Bandhan,Yes,177,281,251,30,64758
10-08-2025,Sunday,Rainy,24,Yes,No,None,Yes,251,281,247,34,45448
11-08-2025,Monday,Sunny,38,No,No,None,No,247,245,225,20,65475
12-08-2025,Tuesday,Sunny,32,No,No,None,No,225,224,214,10,39804
13-08-2025,Wednesday,Sunny,39,No,No,None,No,214,225,198,27,43560
14-08-2025,Thursday,Cloudy,32,No,No,None,No,198,209,184,25,33120
15-08-2025,Friday,Sunny,38,No,No,None,No,184,193,174,19,39672
16-08-2025,Saturday,Cloudy,29,Yes,Yes,Janmashtami,Yes,174,284,261,23,54288
17-08-2025,Sunday,Cloudy,31,Yes,No,None,Yes,261,289,271,18,77506
18-08-2025,Monday,Cloudy,24,No,No,None,No,271,268,251,17,72037
19-08-2025,Tuesday,Cloudy,31,No,No,None,No,251,255,232,23,54288
20-08-2025,Wednesday,Sunny,33,No,No,None,No,232,222,212,10,43884
21-08-2025,Thursday,Cloudy,24,No,No,None,No,212,230,200,30,50800
22-08-2025,Friday,Cloudy,25,No,No,None,No,200,230,200,30,47200
23-08-2025,Saturday,Cloudy,25,Yes,No,None,Yes,200,243,225,18,58950
24-08-2025,Sunday,Cloudy,31,Yes,No,None,Yes,225,284,254,30,68834
25-08-2025,Monday,Sunny,37,No,No,None,No,254,249,231,18,61908
26-08-2025,Tuesday,Rainy,23,No,No,None,No,231,200,189,11,54054
27-08-2025,Wednesday,Cloudy,29,No,Yes,Ganesh Chaturthi,Yes,189,265,231,34,59136
28-08-2025,Thursday,Cloudy,26,No,No,None,No,231,234,213,21,42813
29-08-2025,Friday,Sunny,38,No,No,None,No,213,232,211,21,57181
30-08-2025,Saturday,Rainy,19,Yes,No,None,Yes,211,258,227,31,59701
31-08-2025,Sunday,Rainy,26,Yes,No,None,Yes,227,247,223,24,66677
01-09-2025,Monday,Sunny,37,No,No,None,No,223,232,208,24,48880
02-09-2025,Tuesday,Sunny,38,No,No,None,No,208,218,199,19,40795
03-09-2025,Wednesday,Sunny,33,No,No,None,No,199,205,192,13,56256
04-09-2025,Thursday,Sunny,33,No,No,None,No,192,219,194,25,38024
05-09-2025,Friday,Rainy,19,No,Yes,Eid-e-Milad,Yes,194,257,226,31,44522
06-09-2025,Saturday,Rainy,26,Yes,No,None,Yes,226,273,240,33,65760
07-09-2025,Sunday,Cloudy,32,Yes,No,None,Yes,240,275,244,31,63928
08-09-2025,Monday,Rainy,23,No,No,None,No,244,216,192,24,39552
09-09-2025,Tuesday,Rainy,18,No,No,None,No,192,186,168,18,35952
10-09-2025,Wednesday,Rainy,18,No,No,None,No,168,169,151,18,29596
11-09-2025,Thursday,Rainy,18,No,No,None,No,151,166,153,13,32436
12-09-2025,Friday,Rainy,26,No,No,None,No,153,149,140,9,34580
13-09-2025,Saturday,Sunny,35,Yes,No,None,Yes,140,222,200,22,40800
14-09-2025,Sunday,Cloudy,28,Yes,No,None,Yes,200,257,238,19,63308
15-09-2025,Monday,Sunny,34,No,No,None,No,238,250,226,24,57630
16-09-2025,Tuesday,Cloudy,24,No,No,None,No,226,238,207,31,54648
17-09-2025,Wednesday,Sunny,37,No,No,None,No,207,226,197,29,39203
18-09-2025,Thursday,Sunny,36,No,No,None,No,197,217,196,21,39004
19-09-2025,Friday,Cloudy,31,No,No,None,No,196,222,199,23,42586
20-09-2025,Saturday,Sunny,37,Yes,No,None,Yes,199,261,236,25,63956
21-09-2025,Sunday,Sunny,40,Yes,No,None,Yes,236,285,257,28,66306
22-09-2025,Monday,Cloudy,26,No,No,None,No,257,237,226,11,61246
23-09-2025,Tuesday,Rainy,26,No,No,None,No,226,195,179,16,44213
24-09-2025,Wednesday,Cloudy,30,No,No,None,No,179,193,179,14,41886
25-09-2025,Thursday,Rainy,25,No,No,None,No,179,176,159,17,35934
26-09-2025,Friday,Rainy,25,No,No,None,No,159,154,143,11,28600
27-09-2025,Saturday,Cloudy,28,Yes,No,None,Yes,143,214,193,21,38986
28-09-2025,Sunday,Cloudy,26,Yes,No,None,Yes,193,249,227,22,41768
29-09-2025,Monday,Sunny,37,No,No,None,No,227,226,212,14,50880
30-09-2025,Tuesday,Rainy,23,No,No,None,No,212,204,189,15,47817
01-10-2025,Wednesday,Cloudy,30,No,No,None,No,189,205,187,18,40579
02-10-2025,Thursday,Rainy,18,No,Yes,Gandhi Jayanti & Dussehra,Yes,187,233,205,28,59860
03-10-2025,Friday,Rainy,22,No,No,None,No,205,190,181,9,52490
04-10-2025,Saturday,Rainy,19,Yes,No,None,Yes,181,181,170,11,39610
05-10-2025,Sunday,Cloudy,29,Yes,No,None,Yes,170,221,207,14,52164
06-10-2025,Monday,Sunny,36,No,No,None,No,207,216,200,16,59800
07-10-2025,Tuesday,Cloudy,31,No,No,None,No,200,223,198,25,55638
08-10-2025,Wednesday,Sunny,33,No,No,None,No,198,226,200,26,38600
09-10-2025,Thursday,Cloudy,28,No,No,None,No,200,207,187,20,41514
10-10-2025,Friday,Sunny,34,No,No,None,No,187,191,176,15,42944
11-10-2025,Saturday,Cloudy,31,Yes,No,None,Yes,176,227,207,20,51750
12-10-2025,Sunday,Sunny,31,Yes,No,None,Yes,207,271,238,33,48076
13-10-2025,Monday,Cloudy,26,No,No,None,No,238,248,222,26,59940
14-10-2025,Tuesday,Cloudy,25,No,No,None,No,222,231,214,17,40232
15-10-2025,Wednesday,Rainy,23,No,No,None,No,214,207,182,25,37310
16-10-2025,Thursday,Cloudy,30,No,No,None,No,182,197,176,21,51216
17-10-2025,Friday,Rainy,24,No,No,None,No,176,169,153,16,27693
18-10-2025,Saturday,Rainy,22,Yes,No,None,Yes,153,182,169,13,32110
19-10-2025,Sunday,Cloudy,27,Yes,No,None,Yes,169,205,196,9,50176
20-10-2025,Monday,Sunny,34,No,Yes,Diwali,Yes,196,297,259,38,74333
21-10-2025,Tuesday,Sunny,38,No,No,None,No,259,264,238,26,65926
22-10-2025,Wednesday,Cloudy,27,No,No,None,No,238,240,221,19,59670
23-10-2025,Thursday,Rainy,28,No,No,None,No,221,212,195,17,58500
24-10-2025,Friday,Sunny,39,No,No,None,No,195,222,197,25,49841
25-10-2025,Saturday,Sunny,39,Yes,No,None,Yes,197,236,221,15,60996
26-10-2025,Sunday,Sunny,33,Yes,No,None,Yes,221,258,239,19,54253
27-10-2025,Monday,Cloudy,27,No,No,None,No,239,238,223,15,40586
28-10-2025,Tuesday,Sunny,32,No,No,None,No,223,225,209,16,57893
29-10-2025,Wednesday,Cloudy,30,No,No,None,No,209,221,203,18,53592
30-10-2025,Thursday,Sunny,32,No,No,None,No,203,216,204,12,46308
31-10-2025,Friday,Sunny,38,No,No,None,No,204,204,193,11,45934
01-11-2025,Saturday,Sunny,35,Yes,No,None,Yes,193,230,217,13,58373
02-11-2025,Sunday,Rainy,28,Yes,No,None,Yes,217,250,218,32,56462
03-11-2025,Monday,Rainy,24,No,No,None,No,218,194,177,17,43365
04-11-2025,Tuesday,Sunny,31,No,No,None,No,177,198,180,18,39060
05-11-2025,Wednesday,Cloudy,26,No,Yes,Guru Nanak Jayanti,Yes,180,244,216,28,61992
06-11-2025,Thursday,Cloudy,30,No,No,None,No,216,216,206,10,56650
07-11-2025,Friday,Sunny,36,No,No,None,No,206,214,197,17,48856
08-11-2025,Saturday,Cloudy,25,Yes,No,None,Yes,197,247,221,26,52598
09-11-2025,Sunday,Cloudy,27,Yes,No,None,Yes,221,267,237,30,65886
10-11-2025,Monday,Cloudy,28,No,No,None,No,237,230,215,15,46655
11-11-2025,Tuesday,Rainy,19,No,No,None,No,215,205,180,25,32580
12-11-2025,Wednesday,Sunny,33,No,No,None,No,180,183,175,8,51800
13-11-2025,Thursday,Cloudy,26,No,No,None,No,175,193,173,20,32005
14-11-2025,Friday,Cloudy,31,No,No,None,No,173,177,169,8,44109
15-11-2025,Saturday,Cloudy,28,Yes,No,None,Yes,169,210,188,22,37788
16-11-2025,Sunday,Cloudy,32,Yes,No,None,Yes,188,261,227,34,62198
17-11-2025,Monday,Cloudy,26,No,No,None,No,227,251,219,32,60444
18-11-2025,Tuesday,Cloudy,26,No,No,None,No,219,232,206,26,47586
19-11-2025,Wednesday,Rainy,22,No,No,None,No,206,195,179,16,35263
20-11-2025,Thursday,Cloudy,24,No,No,None,No,179,213,186,27,53568
21-11-2025,Friday,Sunny,33,No,No,None,No,186,206,186,20,53754
22-11-2025,Saturday,Sunny,38,Yes,No,None,Yes,186,240,217,23,54467
23-11-2025,Sunday,Sunny,36,Yes,No,None,Yes,217,269,234,35,51948
24-11-2025,Monday,Rainy,28,No,No,None,No,234,226,208,18,48048
25-11-2025,Tuesday,Cloudy,24,No,No,None,No,208,210,195,15,38415
26-11-2025,Wednesday,Cloudy,29,No,No,None,No,195,206,193,13,54040
27-11-2025,Thursday,Rainy,18,No,No,None,No,193,173,164,9,30996
28-11-2025,Friday,Cloudy,32,No,No,None,No,164,186,164,22,38376
29-11-2025,Saturday,Rainy,25,Yes,No,None,Yes,164,226,202,24,45652
30-11-2025,Sunday,Rainy,27,Yes,No,None,Yes,202,217,201,16,48039
01-12-2025,Monday,Cloudy,31,No,No,None,No,201,216,188,28,42300
02-12-2025,Tuesday,Rainy,23,No,No,None,No,188,168,159,9,39114
03-12-2025,Wednesday,Cloudy,24,No,No,None,No,159,184,169,15,42250
04-12-2025,Thursday,Cloudy,25,No,No,None,No,169,202,179,23,42244
05-12-2025,Friday,Rainy,20,No,No,None,No,179,184,165,19,31350
06-12-2025,Saturday,Sunny,39,Yes,No,None,Yes,165,220,197,23,58509
07-12-2025,Sunday,Rainy,22,Yes,No,None,Yes,197,205,194,11,51798
08-12-2025,Monday,Cloudy,32,No,No,None,No,194,212,195,17,51285
09-12-2025,Tuesday,Cloudy,24,No,No,None,No,195,212,186,26,34038
10-12-2025,Wednesday,Sunny,39,No,No,None,No,186,202,176,26,46464
11-12-2025,Thursday,Sunny,39,No,No,None,No,176,189,171,18,37449
12-12-2025,Friday,Sunny,32,No,No,None,No,171,193,181,12,42354
13-12-2025,Saturday,Cloudy,24,Yes,No,None,Yes,181,246,216,30,44064
14-12-2025,Sunday,Sunny,33,Yes,No,None,Yes,216,271,236,35,51448
15-12-2025,Monday,Rainy,20,No,No,None,No,236,218,199,19,45571
16-12-2025,Tuesday,Sunny,32,No,No,None,No,199,227,198,29,53460
17-12-2025,Wednesday,Sunny,34,No,No,None,No,198,210,186,24,55056
18-12-2025,Thursday,Rainy,25,No,No,None,No,186,173,162,11,41472
19-12-2025,Friday,Rainy,18,No,No,None,No,162,148,141,7,26085
20-12-2025,Saturday,Sunny,30,Yes,No,None,Yes,141,200,182,18,51506
21-12-2025,Sunday,Cloudy,28,Yes,No,None,Yes,182,227,213,14,57510
22-12-2025,Monday,Cloudy,31,No,No,None,No,213,223,205,18,48790
23-12-2025,Tuesday,Rainy,21,No,No,None,No,205,197,183,14,44469
24-12-2025,Wednesday,Sunny,34,No,No,None,No,183,200,176,24,35728
25-12-2025,Thursday,Cloudy,31,No,Yes,Christmas,Yes,176,255,237,18,43134
26-12-2025,Friday,Cloudy,24,No,No,None,No,237,247,227,20,51983
27-12-2025,Saturday,Cloudy,27,Yes,No,None,Yes,227,262,234,28,61542
28-12-2025,Sunday,Cloudy,29,Yes,No,None,Yes,234,270,255,15,58650
29-12-2025,Monday,Sunny,37,No,No,None,No,255,258,231,27,48279
30-12-2025,Tuesday,Cloudy,25,No,No,None,No,231,246,214,32,51360
